{
    "awake": 4.897314375987362,
    "deep_sleep": 18.95734597156398,
    "light_sleep": 37.598736176935226,
    "rem_sleep": 38.54660347551343,
    "total_time_in_bed": 37980
}